,Diff_0_to_1,Diff_1_to_2,Diff_2_to_3,Diff_3_to_4,Diff_4_to_5,Diff_5_to_6
count,16.0,16.0,16.0,16.0,16.0,16.0
mean,0.23199689014865993,0.04406987043131771,0.029953321883218663,0.01815835923087379,0.04275025921899501,0.03872551005020635
std,0.06279412681100302,0.027233066489932914,0.019383871312549848,0.014488466306943618,0.030371083861778964,0.031797806677248096
min,0.08741007779822085,0.0038734581667080326,0.0,0.0,0.0017698817933112787,0.0
25%,0.19677926989637196,0.02387991616777821,0.015156561281358172,0.008467344424673368,0.01761546057105129,0.025540727786856426
50%,0.2503725658560036,0.05034590996820343,0.03052679815307302,0.018643985797230755,0.032484200980721356,0.027781248773713407
75%,0.27798241139247704,0.0640632463185071,0.037908644189549395,0.02450415416297161,0.07697625138528083,0.053940663598217004
max,0.31983466314183484,0.08331555855102868,0.07099615353290667,0.044470858728149376,0.08644495084366088,0.11254615136579549
