,Diff_0_to_1,Diff_1_to_2,Diff_2_to_3,Diff_3_to_4,Diff_4_to_5,Diff_5_to_6
count,16.0,16.0,16.0,16.0,16.0,16.0
mean,0.23199689014865993,0.044069870431317715,0.02995332188321867,0.018158359230873805,0.04275025921899501,0.038725510050206344
std,0.06279412681100305,0.027233066489932914,0.01938387131254986,0.014488466306943613,0.030371083861778964,0.03179780667724808
min,0.08741007779822074,0.0038734581667080326,0.0,0.0,0.0017698817933112787,0.0
25%,0.19677926989637196,0.02387991616777821,0.015156561281358172,0.008467344424673368,0.017615460571051317,0.025540727786856426
50%,0.2503725658560036,0.05034590996820343,0.03052679815307302,0.018643985797230755,0.032484200980721356,0.027781248773713407
75%,0.27798241139247704,0.0640632463185071,0.037908644189549395,0.02450415416297161,0.07697625138528083,0.053940663598217004
max,0.31983466314183484,0.08331555855102868,0.07099615353290667,0.044470858728149376,0.08644495084366088,0.11254615136579549
